
  {"469":{"id":"469","name":"CITEX","name_id":"citex","volume_usd":2990897575.579514,"active_pairs":15,"url":"https:\/\/www.citex.co.kr\/#\/home","country":"South Korea"},"546":{"id":"546","name":"Hoo","name_id":"hoo","volume_usd":1680097251.0313637,"active_pairs":160,"url":"https:\/\/hoo.com","country":""},"582":{"id":"582","name":"FTX","name_id":"ftx","volume_usd":641936337.9228134,"active_pairs":237,"url":"https:\/\/ftx.com\/","country":"Antigua and Barbuda"},"595":{"id":"595","name":"AAX","name_id":"aax","volume_usd":571312130.2142992,"active_pairs":110,"url":"https:\/\/www.aax.com","country":""},"568":{"id":"568","name":"BTSE","name_id":"btse","volume_usd":417456812.4657851,"active_pairs":84,"url":"https:\/\/www.btse.com\/en\/home\/","country":"United Arab Emirates"},"5":{"id":"5","name":"Binance","name_id":"binance","volume_usd":288361220.5409728,"active_pairs":1045,"url":"https:\/\/www.binance.com","country":"Japan"},"544":{"id":"544","name":"BITBOX","name_id":"bitbox","volume_usd":112711441.84011,"active_pairs":4,"url":"https:\/\/www.bitbox.me\/","country":"Singapore"},"260":{"id":"260","name":"MEXC Global","name_id":"mxc","volume_usd":47798988.949456766,"active_pairs":1140,"url":"https:\/\/www.mexc.com\/","country":""},"189":{"id":"189","name":"Hotbit","name_id":"hotbit","volume_usd":45131071.72522695,"active_pairs":1006,"url":"https:\/\/www.hotbit.io\/","country":""},"209":{"id":"209","name":"Bitrue","name_id":"bitrue","volume_usd":44009109.0158182,"active_pairs":569,"url":"https:\/\/www.bitrue.com\/","country":"Singapore"},"100":{"id":"100","name":"Gate","name_id":"gate","volume_usd":41777420.492199205,"active_pairs":2018,"url":"https:\/\/gate.io\/","country":"Virginia, US"},"518":{"id":"518","name":"LocalTrade","name_id":"localtrade","volume_usd":41735512.32211912,"active_pairs":12,"url":"https:\/\/localtrade.cc\/","country":"United Kingdom"},"177":{"id":"177","name":"Bitmart","name_id":"bitmart","volume_usd":27377432.09058903,"active_pairs":511,"url":"https:\/\/www.bitmart.com","country":"Cayman Islands"},"96":{"id":"96","name":"Kucoin","name_id":"kucoin","volume_usd":21337855.93569103,"active_pairs":820,"url":"https:\/\/www.kucoin.com","country":"Hong Kong"},"244":{"id":"244","name":"Bkex","name_id":"bkex","volume_usd":18862098.833605483,"active_pairs":361,"url":"https:\/\/www.bkex.com\/","country":"British Virgin Islands"},"636":{"id":"636","name":"Bitget","name_id":"bitget","volume_usd":18703734.48780206,"active_pairs":280,"url":"https:\/\/www.bitget.com\/ru\/","country":""},"50":{"id":"50","name":"Huobi","name_id":"huobi","volume_usd":17880158.812465325,"active_pairs":371,"url":"https:\/\/www.huobi.com\/","country":"Singapore"},"170":{"id":"170","name":"LATOKEN","name_id":"latoken","volume_usd":14682057.966946557,"active_pairs":656,"url":"https:\/\/latoken.com\/","country":""},"486":{"id":"486","name":"Bitoffer","name_id":"bitoffer","volume_usd":14373312.348349659,"active_pairs":35,"url":"https:\/\/www.bitoffer.com\/en","country":"Hong Kong"},"226":{"id":"226","name":"AscendEX (BitMax)","name_id":"bitmax","volume_usd":13304279.761497932,"active_pairs":137,"url":"https:\/\/bitmax.io","country":""},"588":{"id":"588","name":"Compound Finance","name_id":"compound-finance","volume_usd":12595764.31214796,"active_pairs":4,"url":"https:\/\/app.compound.finance\/","country":""},"66":{"id":"66","name":"OKEX","name_id":"okex","volume_usd":12347020.977040902,"active_pairs":294,"url":"https:\/\/www.okex.com\/","country":"Hong Kong"},"171":{"id":"171","name":"Upbit","name_id":"upbit","volume_usd":11223547.506476093,"active_pairs":107,"url":"https:\/\/upbit.com\/","country":"South Korea"},"103":{"id":"103","name":"Lbank","name_id":"lbank","volume_usd":9825803.614377096,"active_pairs":222,"url":"https:\/\/www.lbank.info","country":"HK"},"134":{"id":"134","name":"Paribu","name_id":"paribu","volume_usd":9473514.1669722,"active_pairs":1,"url":"https:\/\/www.paribu.com","country":""},"637":{"id":"637","name":"BingX","name_id":"bingx","volume_usd":9408502.309994,"active_pairs":17,"url":"https:\/\/bingx.com\/en-us\/","country":""},"107":{"id":"107","name":"Bibox","name_id":"bibox","volume_usd":6468578.464790353,"active_pairs":181,"url":"https:\/\/www.bibox.com\/","country":"China"},"190":{"id":"190","name":"DigiFinex","name_id":"digifinex","volume_usd":6194234.84488085,"active_pairs":230,"url":"https:\/\/www.digifinex.com\/","country":"Seychelles"},"506":{"id":"506","name":"CBX","name_id":"cbx","volume_usd":5462441.33114288,"active_pairs":7,"url":"https:\/\/www.cbx.one","country":"United Arab Emirates"},"57":{"id":"57","name":"LakeBTC","name_id":"lakebtc","volume_usd":4555782.636599001,"active_pairs":2,"url":"https:\/\/www.lakebtc.com","country":"US"},"584":{"id":"584","name":"Balancer V2","name_id":"balancer","volume_usd":3316502.985131257,"active_pairs":11,"url":"https:\/\/balancer.exchange\/#\/swap","country":""},"128":{"id":"128","name":"Coinex","name_id":"coinex","volume_usd":3159036.2657827325,"active_pairs":731,"url":"https:\/\/www.coinex.com\/","country":"China"},"203":{"id":"203","name":"STEX","name_id":"stex","volume_usd":3112834.6593615054,"active_pairs":78,"url":"https:\/\/www.stex.com\/","country":""},"180":{"id":"180","name":"BitForex","name_id":"bitforex","volume_usd":2786279.4338283115,"active_pairs":133,"url":"https:\/\/bitforex.com","country":"Seychelles"},"56":{"id":"56","name":"Kraken","name_id":"kraken","volume_usd":2397962.9257480833,"active_pairs":384,"url":"https:\/\/www.kraken.com","country":"San Francisco, California, United States"},"675":{"id":"675","name":"Bybit","name_id":"bybit","volume_usd":2330627.1036978825,"active_pairs":165,"url":"https:\/\/www.bybit.com\/","country":""},"531":{"id":"531","name":"BitoPro","name_id":"bitopro","volume_usd":2292757.8840854205,"active_pairs":9,"url":"https:\/\/www.bitopro.com\/","country":"Taiwan"},"504":{"id":"504","name":"Whitebit","name_id":"whitebit","volume_usd":2277915.3748141145,"active_pairs":120,"url":"https:\/\/whitebit.com","country":"Estonia"},"187":{"id":"187","name":"Coinbase Pro","name_id":"coinbase","volume_usd":1036107.3734904355,"active_pairs":133,"url":"https:\/\/www.coinbase.com\/","country":"San Francisco, California, United States"},"501":{"id":"501","name":"XT","name_id":"xt","volume_usd":893994.5203335432,"active_pairs":297,"url":"https:\/\/www.xt.com\/","country":"Seychelles"},"49":{"id":"49","name":"HitBTC","name_id":"hitbtc2","volume_usd":779987.2977456113,"active_pairs":849,"url":"https:\/\/hitbtc.com\/","country":"Hong Kong"},"258":{"id":"258","name":"Huobi Korea","name_id":"huobi-korea","volume_usd":727395.6753072873,"active_pairs":39,"url":"https:\/\/www.huobi.co.kr\/","country":"Korea"},"487":{"id":"487","name":"Uniswap V2","name_id":"uniswap","volume_usd":698049.9420344221,"active_pairs":829,"url":"https:\/\/app.uniswap.org\/#\/","country":"United States"},"202":{"id":"202","name":"Bilaxy","name_id":"bilaxy","volume_usd":562413.5969345397,"active_pairs":65,"url":"https:\/\/bilaxy.com\/","country":""},"156":{"id":"156","name":"TradeOgre","name_id":"tradeogre","volume_usd":370038.1646637538,"active_pairs":107,"url":"https:\/\/tradeogre.com","country":""},"227":{"id":"227","name":"GDAC","name_id":"gdac","volume_usd":361793.2138769918,"active_pairs":29,"url":"https:\/\/www.gdac.com","country":"South Korea"},"571":{"id":"571","name":"Indoex","name_id":"indoex","volume_usd":348617.76516507124,"active_pairs":29,"url":"https:\/\/indoex.io","country":"Estonia"},"614":{"id":"614","name":"PancakeSwap (V2)","name_id":"pancakeswap-v2","volume_usd":279287.0342014686,"active_pairs":568,"url":"https:\/\/pancakeswap.finance\/","country":""},"74":{"id":"74","name":"TheRockTrading","name_id":"therocktrading","volume_usd":269848.8319226983,"active_pairs":15,"url":"https:\/\/www.therocktrading.com","country":"Italy"},"198":{"id":"198","name":"TDAX","name_id":"tdax","volume_usd":235334.93355034897,"active_pairs":2,"url":"https:\/\/tdax.com\/","country":"Thailand"},"257":{"id":"257","name":"ProBit Exchange","name_id":"probit-exchange","volume_usd":221724.76978603,"active_pairs":539,"url":"https:\/\/www.probit.com\/en-us\/","country":""},"60":{"id":"60","name":"luno","name_id":"luno","volume_usd":214666.35565076,"active_pairs":1,"url":"https:\/\/www.luno.com\/en","country":"London, United Kingdom"},"230":{"id":"230","name":"P2PB2B","name_id":"p2pb2b","volume_usd":164736.3505510551,"active_pairs":57,"url":"https:\/\/p2pb2b.io\/","country":"Estonia"},"9":{"id":"9","name":"Bitfinex","name_id":"bitfinex2","volume_usd":157760.2441623377,"active_pairs":161,"url":"https:\/\/www.bitfinex.com","country":"Hong Kong"},"594":{"id":"594","name":"BTCNEXT","name_id":"btcnext","volume_usd":102668.54457471751,"active_pairs":6,"url":"http:\/\/www.btcnext.io","country":"Saint Vincent and the Grenadines"},"147":{"id":"147","name":"Cointiger","name_id":"cointiger","volume_usd":86135.83375204765,"active_pairs":134,"url":"https:\/\/www.cointiger.com\/","country":"Singapore"},"523":{"id":"523","name":"Dex-Trade","name_id":"dex-trade","volume_usd":45875.77749593363,"active_pairs":64,"url":"https:\/\/dex-trade.com\/","country":"Chile"},"655":{"id":"655","name":"Ref Finance","name_id":"ref-finance","volume_usd":40865.98053106317,"active_pairs":5,"url":"https:\/\/app.ref.finance\/","country":""},"17":{"id":"17","name":"Bittrex","name_id":"bittrex","volume_usd":37539.91306539581,"active_pairs":480,"url":"https:\/\/bittrex.com\/","country":"Seattle, Washington, United States"},"671":{"id":"671","name":"Osmosis","name_id":"osmosis","volume_usd":37296.574557644,"active_pairs":1,"url":"https:\/\/app.osmosis.zone\/","country":""},"231":{"id":"231","name":"BitexLive","name_id":"bitexlive","volume_usd":34329.1085944057,"active_pairs":5,"url":"https:\/\/bitexlive.com","country":"Turkey"},"242":{"id":"242","name":"OMGFIN","name_id":"omgfin","volume_usd":24965.841636317527,"active_pairs":11,"url":"https:\/\/omgfin.com","country":"Estonia, EU"},"589":{"id":"589","name":"eToroX","name_id":"etorox","volume_usd":21747.613291853,"active_pairs":3,"url":"https:\/\/www.etoro.com\/crypto\/exchange\/","country":"Gibraltar"},"229":{"id":"229","name":"WazirX","name_id":"wazirx","volume_usd":21527.4030427889,"active_pairs":227,"url":"https:\/\/wazirx.com\/","country":"India"},"68":{"id":"68","name":"Poloniex","name_id":"poloniex","volume_usd":15563.957281894,"active_pairs":272,"url":"https:\/\/poloniex.com","country":"Wilmington, Delaware, United States"},"131":{"id":"131","name":"Kuna","name_id":"kuna","volume_usd":10636.2292461545,"active_pairs":4,"url":"https:\/\/kuna.io\/","country":"Ukraine"},"515":{"id":"515","name":"BitOnBay","name_id":"bitonbay","volume_usd":7564.925410877743,"active_pairs":4,"url":"https:\/\/www.bitonbay.com\/","country":"Thailand"},"621":{"id":"621","name":"Sushiswap","name_id":"sushiswap","volume_usd":6626.881867266275,"active_pairs":93,"url":"https:\/\/app.sushi.com\/swap","country":""},"495":{"id":"495","name":"Bione","name_id":"bione","volume_usd":6358.392554996021,"active_pairs":77,"url":"https:\/\/www.bione.cc\/","country":"Singapore"},"41":{"id":"41","name":"EXMO","name_id":"exmo","volume_usd":6038.460822867247,"active_pairs":12,"url":"https:\/\/exmo.com\/","country":"Spain, Russia"},"536":{"id":"536","name":"Cybex DEX","name_id":"cybex-dex","volume_usd":5971.23875,"active_pairs":7,"url":"https:\/\/dex.cybex.io\/","country":""},"67":{"id":"67","name":"Paymium","name_id":"paymium","volume_usd":5945.3374105033,"active_pairs":1,"url":"https:\/\/www.paymium.com","country":"France, EU"},"239":{"id":"239","name":"FinexBox","name_id":"finexbox","volume_usd":5491.4875531065845,"active_pairs":100,"url":"https:\/\/www.finexbox.com","country":""},"657":{"id":"657","name":"Siennaswap","name_id":"siennaswap","volume_usd":2689.9550670251565,"active_pairs":6,"url":"https:\/\/app.sienna.network\/","country":""},"619":{"id":"619","name":"Uniswap (v3)","name_id":"uniswap-v3","volume_usd":1951.048661273557,"active_pairs":42,"url":"https:\/\/app.uniswap.org\/#\/swap","country":""},"527":{"id":"527","name":"CoinFLEX","name_id":"coinflex","volume_usd":1668.36085,"active_pairs":2,"url":"https:\/\/coinflex.com\/","country":"Seychelles"},"533":{"id":"533","name":"Coinzo","name_id":"coinzo","volume_usd":1595.0095549535256,"active_pairs":13,"url":"https:\/\/www.coinzo.com","country":"Turkey"},"235":{"id":"235","name":"EscoDEX","name_id":"escodex","volume_usd":1188.3101705374104,"active_pairs":39,"url":"http:\/\/www.escodex.com\/","country":""},"167":{"id":"167","name":"Kyber Network","name_id":"kyber.network","volume_usd":962.97732833613,"active_pairs":11,"url":"https:\/\/kyber.network\/","country":""},"155":{"id":"155","name":"DDEX","name_id":"ddex","volume_usd":515.81865,"active_pairs":1,"url":"https:\/\/ddex.io\/","country":""},"29":{"id":"29","name":"CEX.IO","name_id":"cex","volume_usd":432.2105582181024,"active_pairs":36,"url":"https:\/\/cex.io","country":"London, United Kingdom"},"118":{"id":"118","name":"Otcbtc","name_id":"otcbtc","volume_usd":429.18655312221,"active_pairs":27,"url":"https:\/\/otcbtc.com","country":"Taiwan"},"16":{"id":"16","name":"Bitstamp","name_id":"bitstamp","volume_usd":297.3212410620968,"active_pairs":45,"url":"https:\/\/www.bitstamp.net\/","country":"Luxembourg, Luxembourg; Slovenia"},"484":{"id":"484","name":"Cashierest","name_id":"cashierest","volume_usd":180.41969268769,"active_pairs":1,"url":"https:\/\/www.cashierest.com","country":"South Korea"},"473":{"id":"473","name":"Bgogo","name_id":"bgogo","volume_usd":90.86085554938131,"active_pairs":9,"url":"https:\/\/bgogo.com\/","country":"Cayman Islands"},"513":{"id":"513","name":"SatoExchange","name_id":"satoexchange","volume_usd":80.73422873797611,"active_pairs":38,"url":"https:\/\/www.satoexchange.com\/","country":"United States"},"558":{"id":"558","name":"Unnamed","name_id":"unnamed","volume_usd":46.889155432239214,"active_pairs":176,"url":"https:\/\/www.unnamed.exchange\/","country":"United Kingdom"},"673":{"id":"673","name":"Exbitron","name_id":"exbitron","volume_usd":28.168337555539,"active_pairs":2,"url":"https:\/\/www.exbitron.com\/","country":""},"259":{"id":"259","name":"C-Patex","name_id":"c-patex","volume_usd":24.522217511946337,"active_pairs":54,"url":"https:\/\/c-patex.com\/","country":""},"623":{"id":"623","name":"FMFW.io","name_id":"fmfw_io","volume_usd":10.904874829961468,"active_pairs":121,"url":"https:\/\/fmfw.io\/","country":""},"604":{"id":"604","name":"XBTPro","name_id":"xbtpro","volume_usd":9.3259969677466,"active_pairs":1,"url":"https:\/\/xbtpro.com\/","country":""},"602":{"id":"602","name":"BITEXBOOK","name_id":"bitexbook","volume_usd":7.5444435682765,"active_pairs":1,"url":"https:\/\/bitexbook.com\/","country":""},"31":{"id":"31","name":"ChileBit","name_id":"chilebit","volume_usd":5.0212684215748,"active_pairs":1,"url":"https:\/\/chilebit.net","country":"Chile"},"627":{"id":"627","name":"Raydium","name_id":"raydium","volume_usd":4.920718844602477,"active_pairs":22,"url":"https:\/\/raydium.io\/swap\/","country":""},"252":{"id":"252","name":"Coinbit","name_id":"coinbit","volume_usd":3.9560262980164,"active_pairs":1,"url":"https:\/\/www.coinbit.co.kr\/","country":""},"34":{"id":"34","name":"Coingi","name_id":"coingi","volume_usd":1.96032888,"active_pairs":1,"url":"https:\/\/coingi.com\/","country":"Panama, Bulgaria, China, US"},"81":{"id":"81","name":"YoBit","name_id":"yobit","volume_usd":1.098968338872194,"active_pairs":1092,"url":"https:\/\/yobit.net\/","country":"Russia"},"592":{"id":"592","name":"Chiliz","name_id":"chiliz","volume_usd":0,"active_pairs":0,"url":"https:\/\/www.chiliz.net","country":"Seychelles"},"581":{"id":"581","name":"ViteX","name_id":"vitex","volume_usd":0,"active_pairs":0,"url":"https:\/\/vitex.net\/","country":"British Virgin Islands"},"591":{"id":"591","name":"Tokenize","name_id":"tokenize","volume_usd":0,"active_pairs":0,"url":"https:\/\/tokenize.exchange\/","country":"Singapore"},"585":{"id":"585","name":"Namebase","name_id":"namebase","volume_usd":0,"active_pairs":0,"url":"https:\/\/www.namebase.io\/pro","country":""},"18":{"id":"18","name":"BL3P","name_id":"bl3p","volume_usd":0,"active_pairs":0,"url":"https:\/\/bl3p.eu","country":"Netherlands, EU"},"578":{"id":"578","name":"Max Maicoin","name_id":"max-maicoin","volume_usd":0,"active_pairs":0,"url":"https:\/\/max.maicoin.com","country":"Taiwan"},"577":{"id":"577","name":"Upbit Indonesia ","name_id":"upbit-indonesia","volume_usd":0,"active_pairs":0,"url":"https:\/\/id.upbit.com\/home","country":"Indonesia"},"576":{"id":"576","name":"BTCSquare","name_id":"btcsquare","volume_usd":0,"active_pairs":0,"url":"https:\/\/btcsquare.net","country":""},"574":{"id":"574","name":"Velic","name_id":"velic","volume_usd":0,"active_pairs":17,"url":"https:\/\/www.velic.io\/","country":"Singapore"},"573":{"id":"573","name":"Tokenlon","name_id":"tokenlon","volume_usd":0,"active_pairs":0,"url":"https:\/\/tokenlon.im\/instant","country":"British Virgin Islands"},"569":{"id":"569","name":"Resfinex","name_id":"resfinex","volume_usd":0,"active_pairs":3,"url":"https:\/\/resfinex.com\/","country":"British Virgin Islands"},"22":{"id":"22","name":"BTC Markets","name_id":"btcmarkets","volume_usd":0,"active_pairs":0,"url":"https:\/\/btcmarkets.net\/","country":"Australia"},"565":{"id":"565","name":"Bibo","name_id":"bibo","volume_usd":0,"active_pairs":0,"url":"https:\/\/www.bibo.gold\/","country":"Estonia"},"559":{"id":"559","name":"Hanbitco","name_id":"hanbitco","volume_usd":0,"active_pairs":0,"url":"https:\/\/www.hanbitco.com","country":"South Korea"},"556":{"id":"556","name":"Coindeal","name_id":"coindeal","volume_usd":0,"active_pairs":1,"url":"https:\/\/coindeal.com\/","country":"Malta"},"553":{"id":"553","name":"ExchangeAssets","name_id":"exchange-assets","volume_usd":0,"active_pairs":0,"url":"https:\/\/exchange-assets.com\/","country":""},"15":{"id":"15","name":"Bitso","name_id":"bitso","volume_usd":0,"active_pairs":0,"url":"https:\/\/bitso.com","country":"Mexico"},"105":{"id":"105","name":"BCex","name_id":"bcex","volume_usd":0,"active_pairs":50,"url":"https:\/\/www.bcex.ca","country":"Vancouver"},"596":{"id":"596","name":"Currency.com","name_id":"currency-com","volume_usd":0,"active_pairs":0,"url":"https:\/\/exchange.currency.com\/","country":"Belarus"},"685":{"id":"685","name":"CoinW","name_id":"coinw","volume_usd":0,"active_pairs":0,"url":"https:\/\/www.coinw.com\/","country":""},"653":{"id":"653","name":"MM Finance","name_id":"mmfinance","volume_usd":0,"active_pairs":0,"url":"https:\/\/mm.finance\/","country":""},"659":{"id":"659","name":"Beethoven X","name_id":"beethovenx","volume_usd":0,"active_pairs":0,"url":"https:\/\/beets.fi\/#\/trade","country":""},"661":{"id":"661","name":"Sushiswap Polygon","name_id":"sushiswap-polygon","volume_usd":0,"active_pairs":0,"url":"https:\/\/app.sushi.com\/swap","country":""},"667":{"id":"667","name":"Uniswap (Polygon)","name_id":"uniswap-polygon","volume_usd":0,"active_pairs":0,"url":"https:\/\/app.uniswap.org\/#\/swap?chain=mainnet","country":""},"669":{"id":"669","name":"Azbit","name_id":"azbit","volume_usd":0,"active_pairs":0,"url":"https:\/\/azbit.com\/","country":""},"10":{"id":"10","name":"bitFlyer","name_id":"bitflyer","volume_usd":0,"active_pairs":0,"url":"https:\/\/bitflyer.com\/","country":"Japan"},"677":{"id":"677","name":"BTX Pro","name_id":"btx-pro","volume_usd":0,"active_pairs":0,"url":"https:\/\/btxpro.com\/en","country":""},"679":{"id":"679","name":"Bitci","name_id":"bitci","volume_usd":0,"active_pairs":0,"url":"https:\/\/www.bitci.com\/","country":""},"687":{"id":"687","name":"NovaDAX","name_id":"novadax","volume_usd":0,"active_pairs":0,"url":"https:\/\/www.novadax.com.br\/","country":""},"649":{"id":"649","name":"Liquid","name_id":"liquid","volume_usd":0,"active_pairs":0,"url":"https:\/\/www.liquid.com\/","country":""},"689":{"id":"689","name":"TruBit Pro","name_id":"trubit-pro","volume_usd":0,"active_pairs":0,"url":"https:\/\/www.trubit.com\/new\/","country":""},"691":{"id":"691","name":"Tinyman","name_id":"tinyman","volume_usd":0,"active_pairs":0,"url":"https:\/\/app.tinyman.org\/#\/analytics","country":""},"693":{"id":"693","name":"Uniswap v3 (Arbitrum)","name_id":"uniswap-v3-arbitrum","volume_usd":0,"active_pairs":0,"url":"https:\/\/app.uniswap.org\/#\/swap","country":""},"695":{"id":"695","name":"SushiSwap (Arbitrum)","name_id":"sushiswap-arbitrum","volume_usd":0,"active_pairs":0,"url":"https:\/\/www.sushi.com\/","country":""},"697":{"id":"697","name":"Plenty Network","name_id":"plenty_network","volume_usd":0,"active_pairs":0,"url":"https:\/\/plenty.network\/","country":""},"699":{"id":"699","name":"CoinZoom","name_id":"coinzoom","volume_usd":0,"active_pairs":0,"url":"https:\/\/www.coinzoom.com","country":""},"701":{"id":"701","name":"Bitazza","name_id":"bitazza","volume_usd":0,"active_pairs":0,"url":"https:\/\/www.bitazza.com\/","country":""},"703":{"id":"703","name":"Tidebit","name_id":"tidebit","volume_usd":0,"active_pairs":0,"url":"https:\/\/www.tidebit.com\/","country":""},"651":{"id":"651","name":"Trader Joe","name_id":"traderjoe","volume_usd":0,"active_pairs":0,"url":"https:\/\/traderjoexyz.com\/home#\/home","country":""},"639":{"id":"639","name":"Nami.Exchange","name_id":"nami.exchange","volume_usd":0,"active_pairs":0,"url":"https:\/\/nami.exchange\/","country":""},"597":{"id":"597","name":"Curve Finance","name_id":"curve-finance","volume_usd":0,"active_pairs":0,"url":"https:\/\/www.curve.fi","country":""},"613":{"id":"613","name":"Bololex","name_id":"bololex","volume_usd":0,"active_pairs":0,"url":"https:\/\/bololex.com\/","country":""},"600":{"id":"600","name":"New Capital","name_id":"new-capital","volume_usd":0,"active_pairs":0,"url":"https:\/\/new.capital\/","country":""},"605":{"id":"605","name":"Huulk","name_id":"huulk","volume_usd":0,"active_pairs":2,"url":"https:\/\/huulk.com\/","country":""},"606":{"id":"606","name":"Thore Exchange\r\n","name_id":"thoreexchange","volume_usd":0,"active_pairs":1,"url":"https:\/\/thoreexchange.com\/","country":""},"607":{"id":"607","name":"Richamster","name_id":"richamster","volume_usd":0,"active_pairs":0,"url":"https:\/\/richamster.com\/","country":""},"608":{"id":"608","name":"Asymetrex","name_id":"asymetrex","volume_usd":0,"active_pairs":3,"url":"https:\/\/asymetrex.com\/markets","country":""},"547":{"id":"547","name":"ZT","name_id":"zt.com","volume_usd":0,"active_pairs":0,"url":"https:\/\/www.ztb.im\/","country":"Cayman Islands"},"610":{"id":"610","name":"KickEX","name_id":"kickex","volume_usd":0,"active_pairs":0,"url":"https:\/\/kickex.com\/en\/","country":"Estonia"},"612":{"id":"612","name":"Dexzbitz","name_id":"dexzbitz","volume_usd":0,"active_pairs":0,"url":"https:\/\/dexzbitz.live\/","country":""},"625":{"id":"625","name":"Quickswap","name_id":"quickswap","volume_usd":0,"active_pairs":0,"url":"https:\/\/quickswap.exchange\/#\/swap","country":""},"638":{"id":"638","name":"Bitexen","name_id":"bitexen","volume_usd":0,"active_pairs":0,"url":"https:\/\/www.bitexen.com\/","country":""},"629":{"id":"629","name":"ApeSwap","name_id":"apeswap","volume_usd":0,"active_pairs":0,"url":"https:\/\/apeswap.finance\/","country":""},"631":{"id":"631","name":"Serum DEX","name_id":"serum.dex","volume_usd":0,"active_pairs":0,"url":"https:\/\/dex.projectserum.com\/","country":""},"632":{"id":"632","name":"Pangolin","name_id":"pangolin","volume_usd":0,"active_pairs":0,"url":"https:\/\/app.pangolin.exchange\/#\/swap","country":""},"633":{"id":"633","name":"OpenOcean","name_id":"openocean","volume_usd":0,"active_pairs":0,"url":"https:\/\/openocean.finance\/","country":""},"634":{"id":"634","name":"Jupiter","name_id":"jupiter","volume_usd":0,"active_pairs":0,"url":"https:\/\/jup.ag\/","country":""},"635":{"id":"635","name":"Dfyn","name_id":"dfyn","volume_usd":0,"active_pairs":0,"url":"https:\/\/exchange.dfyn.network\/#\/swap","country":""},"14":{"id":"14","name":"BitMEX","name_id":"bitmex","volume_usd":0,"active_pairs":0,"url":"https:\/\/www.bitmex.com\/","country":"Seychelles"},"11":{"id":"11","name":"Bithumb","name_id":"bithumb","volume_usd":0,"active_pairs":40,"url":"https:\/\/www.bithumb.com","country":"South Korea"},"549":{"id":"549","name":"FreeBitcoins.com","name_id":"freebitcoins","volume_usd":0,"active_pairs":0,"url":"https:\/\/freebitcoins.com","country":""},"510":{"id":"510","name":"Tokpie","name_id":"tokpie","volume_usd":0,"active_pairs":0,"url":"https:\/\/tokpie.io\/","country":"Hong Kong"},"24":{"id":"24","name":"BTCTurk","name_id":"btcturk","volume_usd":0,"active_pairs":0,"url":"https:\/\/www.btcturk.com","country":"Turkey"},"95":{"id":"95","name":"Mercatox","name_id":"mercatox","volume_usd":0,"active_pairs":159,"url":"https:\/\/mercatox.com","country":""},"158":{"id":"158","name":"Bitbns","name_id":"bitbns","volume_usd":0,"active_pairs":14,"url":"https:\/\/bitbns.com","country":""},"160":{"id":"160","name":"Waves Decentralized Exchange","name_id":"wavesplatform","volume_usd":0,"active_pairs":0,"url":"https:\/\/www.wavesplatform.com\/","country":""},"161":{"id":"161","name":"Stellar Decentralized Exchange","name_id":"stellardex","volume_usd":0,"active_pairs":0,"url":"https:\/\/stellarterm.com","country":""},"164":{"id":"164","name":"FreiExchange","name_id":"freiexchange","volume_usd":0,"active_pairs":0,"url":"https:\/\/freiexchange.com","country":"Norway"},"166":{"id":"166","name":"Cryptonex","name_id":"cryptonex","volume_usd":0,"active_pairs":0,"url":"https:\/\/cryptonex.org","country":""},"168":{"id":"168","name":"COSS","name_id":"coss","volume_usd":0,"active_pairs":115,"url":"https:\/\/www.coss.io\/","country":"Singapore"},"87":{"id":"87","name":"Korbit","name_id":"korbit","volume_usd":0,"active_pairs":0,"url":"https:\/\/www.korbit.co.kr","country":"Korea"},"149":{"id":"149","name":"Idex","name_id":"idex","volume_usd":0,"active_pairs":0,"url":"https:\/\/idex.market","country":"Panama"},"85":{"id":"85","name":"ZB.com","name_id":"zb","volume_usd":0,"active_pairs":0,"url":"https:\/\/www.zb.com","country":"China"},"84":{"id":"84","name":"Coinone","name_id":"coinone","volume_usd":0,"active_pairs":29,"url":"https:\/\/coinone.co.kr","country":"Korea"},"83":{"id":"83","name":"Zaif","name_id":"zaif","volume_usd":0,"active_pairs":0,"url":"https:\/\/zaif.jp","country":"Japan"},"194":{"id":"194","name":"BiteBTC","name_id":"bitebtc","volume_usd":0,"active_pairs":67,"url":"https:\/\/bitebtc.com","country":"Singapore"},"196":{"id":"196","name":"Bitinka","name_id":"bitinka","volume_usd":0,"active_pairs":0,"url":"https:\/\/www.bitinka.com","country":""},"73":{"id":"73","name":"Tidex","name_id":"tidex","volume_usd":0,"active_pairs":0,"url":"https:\/\/tidex.com","country":"UK"},"204":{"id":"204","name":"Tokenomy","name_id":"tokenomy","volume_usd":0,"active_pairs":8,"url":"https:\/\/tokenomy.com\/","country":"Singapore"},"154":{"id":"154","name":"BTC-Alpha","name_id":"btc-alpha","volume_usd":0,"active_pairs":0,"url":"https:\/\/btc-alpha.com\/","country":""},"139":{"id":"139","name":"Zebpay","name_id":"zebpay","volume_usd":0,"active_pairs":0,"url":"https:\/\/www.zebpay.com\/","country":"Singapore"},"207":{"id":"207","name":"InfinityCoin Exchange","name_id":"infinitycoin-exchange","volume_usd":0,"active_pairs":1,"url":"https:\/\/infinitycoin.exchange\/","country":""},"122":{"id":"122","name":"Gopax","name_id":"gopax","volume_usd":0,"active_pairs":0,"url":"https:\/\/www.gopax.co.kr","country":"South Korea"},"104":{"id":"104","name":"Simex Global","name_id":"simex","volume_usd":0,"active_pairs":5,"url":"https:\/\/simex.global\/en","country":"Las Vegas, NV"},"113":{"id":"113","name":"Crex24","name_id":"crex24","volume_usd":0,"active_pairs":6,"url":"https:\/\/crex24.com","country":"Cyprus"},"114":{"id":"114","name":"Btcc","name_id":"btcc","volume_usd":0,"active_pairs":0,"url":"https:\/\/btcc.com","country":"Hong Kong, China"},"116":{"id":"116","name":"BTCbox","name_id":"btcbox","volume_usd":0,"active_pairs":0,"url":"https:\/\/www.btcbox.co.jp","country":"Chiba-cho, Nihonbashi, Chuo-ku, Tokyo"},"117":{"id":"117","name":"Rightbtc","name_id":"rightbtc","volume_usd":0,"active_pairs":17,"url":"https:\/\/www.rightbtc.com","country":""},"119":{"id":"119","name":"Indodax","name_id":"indodax","volume_usd":0,"active_pairs":0,"url":"https:\/\/indodax.com","country":"Indonesia"},"121":{"id":"121","name":"Fatbtc","name_id":"fatbtc","volume_usd":0,"active_pairs":0,"url":"https:\/\/www.fatbtc.com","country":"Seychelles"},"123":{"id":"123","name":"Bitbank","name_id":"bitbank","volume_usd":0,"active_pairs":0,"url":"https:\/\/bitbank.cc\/","country":"Japan"},"138":{"id":"138","name":"Bancor","name_id":"bancor","volume_usd":0,"active_pairs":0,"url":"https:\/\/www.bancor.network\/discover","country":""},"124":{"id":"124","name":"Braziliex","name_id":"braziliex","volume_usd":0,"active_pairs":0,"url":"https:\/\/braziliex.com\/","country":"Brazil"},"126":{"id":"126","name":"BTC TRADE UA ","name_id":"btctradeua","volume_usd":0,"active_pairs":0,"url":"https:\/\/btc-trade.com.ua","country":"Ukraine"},"127":{"id":"127","name":"CoinEgg","name_id":"coinegg","volume_usd":0,"active_pairs":0,"url":"https:\/\/www.coinegg.com\/","country":""},"101":{"id":"101","name":"Litebit","name_id":"litebit","volume_usd":0,"active_pairs":0,"url":"https:\/\/www.litebit.eu\/en","country":""},"132":{"id":"132","name":"Lykke","name_id":"lykke","volume_usd":0,"active_pairs":0,"url":"https:\/\/www.lykke.com\/","country":"Switzerland"},"97":{"id":"97","name":"Aex","name_id":"aex","volume_usd":0,"active_pairs":0,"url":"https:\/\/www.aex.com","country":""},"137":{"id":"137","name":"Big.One","name_id":"big.one","volume_usd":0,"active_pairs":0,"url":"https:\/\/big.one","country":""},"205":{"id":"205","name":"CoinFalcon","name_id":"coinfalcon","volume_usd":0,"active_pairs":0,"url":"https:\/\/coinfalcon.com\/","country":"United Kingdom"},"71":{"id":"71","name":"SouthXchange","name_id":"southxchange","volume_usd":0,"active_pairs":105,"url":"https:\/\/www.southxchange.com\/","country":"Argentina"},"545":{"id":"545","name":"Bitubu","name_id":"bitubu","volume_usd":0,"active_pairs":5,"url":"https:\/\/bitubu.com","country":"Turkey"},"512":{"id":"512","name":"SecondBTC","name_id":"secondbtc","volume_usd":0,"active_pairs":0,"url":"https:\/\/secondbtc.com","country":"India"},"483":{"id":"483","name":"Catex","name_id":"catex","volume_usd":0,"active_pairs":0,"url":"https:\/\/www.catex.io\/","country":"China"},"53":{"id":"53","name":"Independent Reserve","name_id":"independentreserve","volume_usd":0,"active_pairs":0,"url":"https:\/\/www.independentreserve.com","country":"Australia, New Zealand"},"489":{"id":"489","name":"Birake","name_id":"birake","volume_usd":0,"active_pairs":0,"url":"https:\/\/birake.com","country":"Estonia"},"493":{"id":"493","name":"Vindax","name_id":"vindax","volume_usd":0,"active_pairs":31,"url":"https:\/\/vindax.com\/","country":"Vietnam"},"500":{"id":"500","name":"ABCC","name_id":"abcc","volume_usd":0,"active_pairs":0,"url":"https:\/\/abcc.com\/","country":"Singapore"},"48":{"id":"48","name":"Gemini","name_id":"gemini","volume_usd":0,"active_pairs":0,"url":"https:\/\/gemini.com","country":"US"},"106":{"id":"106","name":"Coinbene","name_id":"coinbene","volume_usd":0,"active_pairs":71,"url":"https:\/\/www.coinbene.com\/","country":"Singapore"},"514":{"id":"514","name":"Bithumb Global","name_id":"bithumb-global","volume_usd":0,"active_pairs":185,"url":"https:\/\/www.bithumb.pro\/","country":"Seychelles"},"479":{"id":"479","name":"AlterDice","name_id":"alterdice","volume_usd":0,"active_pairs":0,"url":"https:\/\/alterdice.com\/","country":"Singapore"},"516":{"id":"516","name":"Piexgo","name_id":"piexgo","volume_usd":0,"active_pairs":27,"url":"https:\/\/www.piexgo.com\/","country":"Singapore"},"32":{"id":"32","name":"coincheck","name_id":"coincheck","volume_usd":0,"active_pairs":0,"url":"https:\/\/coincheck.com","country":"Tokyo, Japan"},"522":{"id":"522","name":"Atomars","name_id":"atomars","volume_usd":0,"active_pairs":151,"url":"https:\/\/atomars.com","country":""},"524":{"id":"524","name":"Bitsten","name_id":"bitsten","volume_usd":0,"active_pairs":10,"url":"https:\/\/bitsten.com\/","country":"Indonesia"},"526":{"id":"526","name":"Oceanex","name_id":"oceanex","volume_usd":0,"active_pairs":0,"url":"https:\/\/oceanex.pro","country":"Cayman Islands"},"538":{"id":"538","name":"ExtStock","name_id":"extstock","volume_usd":0,"active_pairs":0,"url":"https:\/\/extstock.com\/","country":"United Kingdom"},"540":{"id":"540","name":"BitStorage","name_id":"bitstorage","volume_usd":0,"active_pairs":0,"url":"https:\/\/bitstorage.finance\/","country":"Seychelles"},"481":{"id":"481","name":"Txbit","name_id":"txbit","volume_usd":0,"active_pairs":0,"url":"https:\/\/txbit.io\/","country":"Netherlands"},"478":{"id":"478","name":"ExMarkets","name_id":"exmarkets","volume_usd":0,"active_pairs":1,"url":"https:\/\/exmarkets.com","country":"British Virgin Islands"},"211":{"id":"211","name":"CoinsBank","name_id":"coinsbank","volume_usd":0,"active_pairs":12,"url":"https:\/\/coinsbank.com\/","country":"Estonia"},"241":{"id":"241","name":"ChainEx","name_id":"chainex","volume_usd":0,"active_pairs":0,"url":"https:\/\/www.chainex.io","country":"South African"},"217":{"id":"217","name":"Safe.Trade","name_id":"safe.trade","volume_usd":0,"active_pairs":0,"url":"https:\/\/www.safe.trade\/","country":"Canada"},"220":{"id":"220","name":"Graviex","name_id":"graviex","volume_usd":0,"active_pairs":191,"url":"https:\/\/graviex.net\/","country":"Russia"},"222":{"id":"222","name":"BW","name_id":"bw.com","volume_usd":0,"active_pairs":29,"url":"https:\/\/www.bw.com\/","country":"Australia"},"228":{"id":"228","name":"Cryptology","name_id":"cryptology","volume_usd":0,"active_pairs":0,"url":"https:\/\/cryptology.com\/","country":"Singapore"},"236":{"id":"236","name":"AltMarkets","name_id":"altmarkets","volume_usd":0,"active_pairs":0,"url":"https:\/\/altmarkets.io\/","country":"UK"},"237":{"id":"237","name":"Cratex","name_id":"cratex","volume_usd":0,"active_pairs":0,"url":"https:\/\/cratex.io","country":"Turkey"},"238":{"id":"238","name":"XBTS","name_id":"xbts","volume_usd":0,"active_pairs":0,"url":"https:\/\/xbts.io\/","country":""},"243":{"id":"243","name":"AlphaEX","name_id":"alphaex","volume_usd":0,"active_pairs":0,"url":"https:\/\/alphaex.net\/","country":"Malta"},"470":{"id":"470","name":"qTrade","name_id":"qtrade","volume_usd":0,"active_pairs":22,"url":"https:\/\/qtrade.io","country":"United States"},"245":{"id":"245","name":"Dcoin","name_id":"dcoin","volume_usd":0,"active_pairs":0,"url":"https:\/\/www.dcoin.com\/","country":"Switzerland"},"249":{"id":"249","name":"ZBG","name_id":"zbg","volume_usd":0,"active_pairs":0,"url":"https:\/\/www.zbg.com","country":"Hong Kong"},"251":{"id":"251","name":"Coinsbit","name_id":"coinsbit","volume_usd":0,"active_pairs":0,"url":"https:\/\/coinsbit.io\/","country":""},"254":{"id":"254","name":"Anycoin Direct","name_id":"anycoindirect","volume_usd":0,"active_pairs":0,"url":"https:\/\/anycoindirect.eu","country":"Netherlands"},"256":{"id":"256","name":"Binance DEX","name_id":"binance-dex","volume_usd":0,"active_pairs":0,"url":"https:\/\/www.binance.org\/en","country":""},"61":{"id":"61","name":"Mercado Bitcoin","name_id":"mercado","volume_usd":0,"active_pairs":0,"url":"https:\/\/www.mercadobitcoin.com.br","country":"Brazil"},"467":{"id":"467","name":"Newdex","name_id":"newdex","volume_usd":0,"active_pairs":0,"url":"https:\/\/newdex.io\/","country":"Cayman Islands"},"705":{"id":"705","name":"Coinstore","name_id":"coinstore","volume_usd":0,"active_pairs":0,"url":"https:\/\/www.coinstore.com\/","country":""}}
